{
  "bottleneck": {
    "from": "raw_transcriber_output",
    "note_count_delta": 0,
    "recall_delta": 0.0,
    "to": "post_phase3_octave_stabilization"
  },
  "paths": {
    "bass_stem": "/Users/wojciechgula/Projects/DeChord/backend/stems/test_songs/muse__hysteria/bass.wav",
    "drums_stem": "/Users/wojciechgula/Projects/DeChord/backend/stems/test_songs/muse__hysteria/drums.wav",
    "gp5": "/Users/wojciechgula/Projects/DeChord/test songs/Muse - Hysteria.gp5",
    "mp3": "/Users/wojciechgula/Projects/DeChord/test songs/Muse - Hysteria.mp3"
  },
  "phase4b": {
    "bottleneck_stage": {
      "from": "raw_transcriber_output",
      "note_count_delta": 0,
      "recall_delta": 0.0,
      "to": "post_phase3_octave_stabilization"
    },
    "final_onset_recall": 0.23226288274831963,
    "missing_in_final": {
      "missing_count": 1028,
      "share_dense_bar": 0.6546692607003891,
      "share_repeated_same_pitch": 0.22957198443579765,
      "share_short_note": 0.9970817120622568
    },
    "missing_in_raw": {
      "missing_count": 1303,
      "share_dense_bar": 0.6531082118188795,
      "share_repeated_same_pitch": 0.23714504988488105,
      "share_short_note": 0.9976976208749041
    },
    "raw_onset_recall": 0.0268857356235997,
    "transcription_engine_used": "basic_pitch"
  },
  "quality": "high_accuracy_aggressive",
  "reference": {
    "bar_note_counts": {
      "0": 16,
      "1": 16,
      "2": 16,
      "3": 16,
      "4": 16,
      "5": 16,
      "6": 16,
      "7": 16,
      "8": 16,
      "9": 16,
      "10": 16,
      "11": 16,
      "12": 16,
      "13": 16,
      "14": 16,
      "15": 16,
      "16": 16,
      "17": 16,
      "18": 16,
      "19": 16,
      "20": 16,
      "21": 16,
      "22": 16,
      "23": 16,
      "24": 15,
      "25": 15,
      "26": 15,
      "27": 15,
      "28": 15,
      "29": 15,
      "30": 14,
      "31": 16,
      "32": 16,
      "33": 16,
      "34": 16,
      "35": 16,
      "36": 16,
      "37": 16,
      "38": 16,
      "39": 16,
      "40": 16,
      "41": 16,
      "42": 16,
      "43": 16,
      "44": 15,
      "45": 15,
      "46": 15,
      "47": 15,
      "48": 15,
      "49": 15,
      "50": 15,
      "51": 12,
      "52": 16,
      "53": 16,
      "54": 16,
      "55": 16,
      "56": 16,
      "57": 16,
      "58": 16,
      "59": 16,
      "60": 16,
      "61": 16,
      "62": 16,
      "63": 16,
      "64": 15,
      "65": 15,
      "66": 15,
      "67": 15,
      "68": 15,
      "69": 15,
      "70": 15,
      "71": 15,
      "72": 15,
      "73": 15,
      "74": 15,
      "75": 15,
      "76": 15,
      "77": 15,
      "78": 15,
      "79": 12,
      "80": 16,
      "81": 16,
      "82": 16,
      "83": 16,
      "84": 16,
      "85": 16,
      "86": 1
    },
    "dense_bar_indices": [
      0,
      1,
      2,
      3,
      4,
      5,
      6,
      7,
      8,
      9,
      10,
      11,
      12,
      13,
      14,
      15,
      16,
      17,
      18,
      19,
      20,
      21,
      22,
      23,
      31,
      32,
      33,
      34,
      35,
      36,
      37,
      38,
      39,
      40,
      41,
      42,
      43,
      52,
      53,
      54,
      55,
      56,
      57,
      58,
      59,
      60,
      61,
      62,
      63,
      80,
      81,
      82,
      83,
      84,
      85
    ],
    "note_count": 1339
  },
  "rhythm": {
    "bars": 78,
    "derived_bpm": 93.74999999999784,
    "grid_correction_applied": "double_time",
    "rhythm_source": "madmom",
    "tempo_used": 94.0
  },
  "song": "Muse - Hysteria",
  "stage_drops": [
    {
      "from": "raw_transcriber_output",
      "note_count_delta": 0,
      "recall_delta": 0.0,
      "to": "post_phase3_octave_stabilization"
    },
    {
      "from": "post_phase3_octave_stabilization",
      "note_count_delta": 3,
      "recall_delta": 0.0007468259895444355,
      "to": "post_onset_recovery"
    },
    {
      "from": "post_onset_recovery",
      "note_count_delta": 124,
      "recall_delta": 0.03435399551904407,
      "to": "post_cleanup"
    },
    {
      "from": "post_cleanup",
      "note_count_delta": 30,
      "recall_delta": 0.17027632561613143,
      "to": "post_quantization"
    },
    {
      "from": "post_quantization",
      "note_count_delta": 0,
      "recall_delta": 0.0,
      "to": "post_fingering_final"
    }
  ],
  "stages": [
    {
      "average_notes_per_dense_bar": 2.4545454545454546,
      "bar_note_counts": {
        "0": 3,
        "1": 8,
        "2": 6,
        "3": 1,
        "4": 2,
        "5": 1,
        "7": 2,
        "8": 2,
        "10": 4,
        "11": 1,
        "12": 2,
        "13": 2,
        "14": 1,
        "15": 5,
        "17": 5,
        "18": 3,
        "19": 8,
        "20": 1,
        "21": 3,
        "22": 3,
        "23": 1,
        "24": 3,
        "25": 1,
        "27": 1,
        "28": 3,
        "29": 1,
        "30": 3,
        "31": 1,
        "32": 3,
        "34": 3,
        "35": 5,
        "37": 6,
        "38": 3,
        "39": 5,
        "40": 1,
        "41": 4,
        "42": 2,
        "43": 3,
        "44": 1,
        "50": 1,
        "52": 3,
        "53": 1,
        "54": 2,
        "55": 4,
        "56": 1,
        "57": 5,
        "58": 4,
        "59": 3,
        "60": 2,
        "61": 3,
        "62": 3,
        "63": 4,
        "65": 4,
        "66": 6,
        "67": 7,
        "69": 6,
        "70": 4,
        "71": 4,
        "76": 1,
        "77": 1
      },
      "matched_notes": 170,
      "note_count": 182,
      "onset_f1": 0.047337278106508875,
      "onset_precision": 0.1978021978021978,
      "onset_recall": 0.0268857356235997,
      "pitch_accuracy": 0.29411764705882354,
      "repeated_note_bar_count": 38,
      "stage": "raw_transcriber_output"
    },
    {
      "average_notes_per_dense_bar": 2.4545454545454546,
      "bar_note_counts": {
        "0": 3,
        "1": 8,
        "2": 6,
        "3": 1,
        "4": 2,
        "5": 1,
        "7": 2,
        "8": 2,
        "10": 4,
        "11": 1,
        "12": 2,
        "13": 2,
        "14": 1,
        "15": 5,
        "17": 5,
        "18": 3,
        "19": 8,
        "20": 1,
        "21": 3,
        "22": 3,
        "23": 1,
        "24": 3,
        "25": 1,
        "27": 1,
        "28": 3,
        "29": 1,
        "30": 3,
        "31": 1,
        "32": 3,
        "34": 3,
        "35": 5,
        "37": 6,
        "38": 3,
        "39": 5,
        "40": 1,
        "41": 4,
        "42": 2,
        "43": 3,
        "44": 1,
        "50": 1,
        "52": 3,
        "53": 1,
        "54": 2,
        "55": 4,
        "56": 1,
        "57": 5,
        "58": 4,
        "59": 3,
        "60": 2,
        "61": 3,
        "62": 3,
        "63": 4,
        "65": 4,
        "66": 6,
        "67": 7,
        "69": 6,
        "70": 4,
        "71": 4,
        "76": 1,
        "77": 1
      },
      "matched_notes": 170,
      "note_count": 182,
      "onset_f1": 0.047337278106508875,
      "onset_precision": 0.1978021978021978,
      "onset_recall": 0.0268857356235997,
      "pitch_accuracy": 0.3,
      "repeated_note_bar_count": 38,
      "stage": "post_phase3_octave_stabilization"
    },
    {
      "average_notes_per_dense_bar": 2.4909090909090907,
      "bar_note_counts": {
        "0": 3,
        "1": 8,
        "2": 6,
        "3": 1,
        "4": 2,
        "5": 1,
        "7": 2,
        "8": 3,
        "10": 4,
        "11": 1,
        "12": 2,
        "13": 2,
        "14": 1,
        "15": 5,
        "17": 4,
        "18": 4,
        "19": 8,
        "20": 1,
        "21": 3,
        "22": 3,
        "23": 1,
        "24": 3,
        "25": 1,
        "27": 1,
        "28": 3,
        "29": 1,
        "30": 3,
        "31": 1,
        "32": 3,
        "34": 3,
        "35": 5,
        "37": 6,
        "38": 3,
        "39": 5,
        "40": 1,
        "41": 4,
        "42": 2,
        "43": 3,
        "44": 1,
        "50": 1,
        "52": 3,