{
  "f1_score": 0.3271604938271605,
  "fingering_accuracy": 0.22264150943396227,
  "mean_timing_offset": 0.0,
  "note_density_correlation": 0.2794928925289773,
  "octave_confusion": {
    "+12": 0,
    "-12": 25,
    "exact": 85,
    "other": 155
  },
  "onset_f1_grid": 0.33086419753086416,
  "onset_f1_ms": 0.3271604938271605,
  "onset_precision": 0.9430604982206405,
  "onset_precision_grid": 0.9537366548042705,
  "onset_precision_ms": 0.9430604982206405,
  "onset_recall": 0.19790888722927558,
  "onset_recall_grid": 0.20014936519790888,
  "onset_recall_ms": 0.19790888722927558,
  "pitch_accuracy": 0.32075471698113206,
  "precision": 0.9430604982206405,
  "quality": "high_accuracy_aggressive",
  "recall": 0.19790888722927558,
  "song": "Muse - Hysteria",
  "tempo_used": 94.0,
  "total_gen_notes": 281,
  "total_matched": 265,
  "total_ref_notes": 1339
}